Epocs,softmax_lr_avg,softmax_lr_median,softmax_lr_std,softmax_lr_var,softmax_lr_max,softmax_lr_min,sgd_avg,sgd_median,sgd_std,sgd_var,sgd_max,sgd_min,sgd_lr_avg,sgd_lr_median,sgd_lr_std,sgd_lr_var,sgd_lr_max,sgd_lr_min
0,0.09406459075977204,0.10862016677856445,0.03970990727305628,0.001576876735634728,0.13964371383190155,0.0021890096832066774,0.1281435656135682,0.12945349514484406,0.013762506154608127,0.00018940657565562658,0.1451539844274521,0.008605072274804115,0.12925190095043515,0.12960447371006012,0.010242838516509513,0.0001049157408752908,0.14500302076339722,0.009888284839689732
1,0.1300381440553606,0.12967994809150696,0.003916131194035983,1.5336083528901694e-05,0.1451539844274521,0.12039553374052048,0.1300381440553606,0.12967994809150696,0.003916131194035983,1.5336083528901694e-05,0.1451539844274521,0.12039553374052048,0.1299973554122522,0.12960447371006012,0.003914265415392451,1.5321473742137436e-05,0.14522947371006012,0.12032005190849304
2,0.12585656830219563,0.12937802076339722,0.02093843201311875,0.000438417935167996,0.1451539844274521,0.009661835618317127,0.1300282985990092,0.12967994809150696,0.003913036090930126,1.5311851448921723e-05,0.14522947371006012,0.12039553374052048,0.13003251821913334,0.12967994809150696,0.00391639033070308,1.533811322242458e-05,0.14507849514484406,0.12032005190849304
3,0.09606794001511443,0.12688708305358887,0.04483608559666723,0.0020102745716316706,0.14522947371006012,0.005057367030531168,0.1299889157092349,0.12967994809150696,0.003921688313702537,1.5379639229831048e-05,0.14530494809150696,0.12024456262588501,0.12982341596243543,0.1295289844274521,0.003931196295750818,1.545430431572495e-05,0.1451539844274521,0.12039553374052048
4,0.05918577654136819,0.038722824305295944,0.04651128977310512,0.0021633000763577525,0.13971920311450958,0.0018115942366421223,0.12992796750727648,0.1295289844274521,0.003917023291493551,1.5343071466102976e-05,0.1451539844274521,0.12024456262588501,0.13060450234583446,0.13058574497699738,0.004893151554868367,2.394293213891071e-05,0.14877717196941376,0.11918780207633972
5,0.12603191413586926,0.12937802076339722,0.019038733377759125,0.0003624733686293994,0.1451539844274521,0.023475240916013718,0.12990921388686813,0.12945349514484406,0.0039223968039809026,1.53851966878796e-05,0.14507849514484406,0.12032005190849304,0.13607913598140575,0.13594505190849304,0.005230493410184151,2.7358061313979828e-05,0.15270230174064636,0.12364130467176437
6,0.1300381440553606,0.12967994809150696,0.003916131194035983,1.5336083528901694e-05,0.1451539844274521,0.12039553374052048,0.12988671021802084,0.12960447371006012,0.0039281991854998475,1.543074884096167e-05,0.14492753148078918,0.12016908079385757,0.139067516563842,0.1391153335571289,0.005023318146159248,2.5233725197532776e-05,0.15828804671764374,0.12635870277881622
7,0.1300381440553606,0.12967994809150696,0.003916131194035983,1.5336083528901694e-05,0.1451539844274521,0.12039553374052048,0.12992046616092232,0.12960447371006012,0.0039138110517426645,1.5317916948743022e-05,0.14530494809150696,0.12047101557254791,0.14251629675027006,0.14198370277881622,0.004968042156102904,2.4681442864815593e-05,0.1601751148700714,0.13096316158771515
8,0.1300381440553606,0.12967994809150696,0.003916131194035983,1.5336083528901694e-05,0.1451539844274521,0.12039553374052048,0.1299214033143861,0.12945349514484406,0.0039306312086610055,1.5449861698499875e-05,0.1451539844274521,0.12016908079385757,0.14440946873300564,0.1445501148700714,0.005083307437331504,2.5840014502429785e-05,0.16198670864105225,0.13081219792366028
9,0.1300381440553606,0.12967994809150696,0.003916131194035983,1.5336083528901694e-05,0.1451539844274521,0.12039553374052048,0.12994109492124237,0.12945349514484406,0.003913399846947399,1.5314698362087925e-05,0.14500302076339722,0.12024456262588501,0.14743488712340408,0.14764492213726044,0.005034364990811504,2.5344830860708518e-05,0.1619112342596054,0.13398249447345734
10,0.1300381440553606,0.12967994809150696,0.003916131194035983,1.5336083528901694e-05,0.1451539844274521,0.12039553374052048,0.1299396882886472,0.12960447371006012,0.0039045428954042655,1.5245455222051925e-05,0.14485205709934235,0.12024456262588501,0.14993333150140986,0.14990942180156708,0.0051056607614139386,2.606777181064196e-05,0.167119562625885,0.13790760934352875
11,0.13003767517782885,0.12967994809150696,0.003915951511671242,1.5334676241760285e-05,0.1451539844274521,0.12039553374052048,0.12995094051642447,0.12960447371006012,0.003909042110540287,1.528061022197726e-05,0.14507849514484406,0.12039553374052048,0.1530211055130692,0.15315519273281097,0.004860804492129214,2.362742031070354e-05,0.16749697923660278,0.13790760934352875
12,0.12769441757646174,0.12945349514484406,0.017326004688572514,0.0003001904384684368,0.1451539844274521,0.00211352645419538,0.12995609715118173,0.12945349514484406,0.003917975225574317,1.5350529868214118e-05,0.14492753148078918,0.12024456262588501,0.15486129905496324,0.15481582283973694,0.004814195627342072,2.317647953831952e-05,0.17104469239711761,0.13783212006092072
13,0.12046913841669882,0.12930253148078918,0.028178829710828517,0.000794046443871872,0.1451539844274521,0.004830917809158564,0.12998610341585942,0.1295289844274521,0.003910852943908931,1.5294770748881154e-05,0.1451539844274521,0.12032005190849304,0.15644363031624267,0.15640096366405487,0.004868225866038168,2.3699623082763066e-05,0.17255434393882751,0.13707730174064636
14,0.045180615620479356,0.03547705337405205,0.03837539624145411,0.0014726710366886105,0.13534118235111237,0.002264492679387331,0.129977664221888,0.12945349514484406,0.003926556251290683,1.541784399454994e-05,0.1451539844274521,0.12024456262588501,0.1573550542874366,0.15738224983215332,0.005002631585720117,2.502632278244457e-05,0.174894317984581,0.13360507786273956
15,0.08884406770631578,0.1260567605495453,0.049362892910795916,0.0024366951965227057,0.13971920311450958,0.006642512045800686,0.13000673254639467,0.12960447371006012,0.0039171084657233434,1.5343738732241484e-05,0.1451539844274521,0.12032005190849304,0.15903068495833356,0.15942029654979706,0.004958942189567691,2.4591107639474403e-05,0.174894317984581,0.13798309862613678
16,0.1300381440553606,0.12967994809150696,0.003916131194035983,1.5336083528901694e-05,0.1451539844274521,0.12039553374052048,0.1300170469728316,0.129755437374115,0.003928322338014301,1.5431716391342144e-05,0.14522947371006012,0.12039553374052048,0.16057691570394528,0.16108091175556183,0.004649044840010682,2.1613617924429948e-05,0.17481884360313416,0.13730373978614807
17,0.1300381440553606,0.12967994809150696,0.003916131194035983,1.5336083528901694e-05,0.1451539844274521,0.12039553374052048,0.13001282661227706,0.1295289844274521,0.003918287292560928,1.535297530704445e-05,0.14507849514484406,0.12039553374052048,0.1615900768441443,0.16183574497699738,0.005220409240937854,2.725267264286934e-05,0.17519626021385193,0.1371527761220932
18,0.1300381440553606,0.12967994809150696,0.003916131194035983,1.5336083528901694e-05,0.1451539844274521,0.12039553374052048,0.13002126603763295,0.12967994809150696,0.0039126901517560955,1.5309144223649135e-05,0.14507849514484406,0.12024456262588501,0.1633271258440077,0.16379830241203308,0.004814901868439247,2.3183280002699752e-05,0.18138587474822998,0.13745470345020294
19,0.1300381440553606,0.12967994809150696,0.003916131194035983,1.5336083528901694e-05,0.1451539844274521,0.12039553374052048,0.13001892183508193,0.12967994809150696,0.003919792395938265,1.5364772427255446e-05,0.1451539844274521,0.12039553374052048,0.16476833737044602,0.16523249447345734,0.004940988413997978,2.4413366507262248e-05,0.1807820051908493,0.13549214601516724
20,0.1300381440553606,0.12967994809150696,0.003916131194035983,1.5336083528901694e-05,0.1451539844274521,0.12039553374052048,0.13002782962892367,0.12960447371006012,0.003914729653401342,1.5325108259219795e-05,0.1451539844274521,0.12039553374052048,0.16652273271024598,0.16651569306850433,0.004877646207219002,2.3791432522797915e-05,0.17972524464130402,0.13941727578639984
21,0.1300381440553606,0.12967994809150696,0.003916131194035983,1.5336083528901694e-05,0.1451539844274521,0.12039553374052048,0.1300334559279199,0.12967994809150696,0.003911874948861835,1.530276561553278e-05,0.1451539844274521,0.12039553374052048,0.16831557369380265,0.16915760934352875,0.0053330455078537025,2.844137438883856e-05,0.1798762083053589,0.13617150485515594
22,0.1300381440553606,0.12967994809150696,0.003916131194035983,1.5336083528901694e-05,0.1451539844274521,0.12039553374052048,0.1300282987378399,0.12960447371006012,0.003917592846543145,1.5347533711286023e-05,0.1451539844274521,0.12039553374052048,0.17115439465327292,0.1716485470533371,0.005028478413135088,2.528559515136557e-05,0.18266908824443817,0.1369263231754303
23,0.1300381440553606,0.12967994809150696,0.003916131194035983,1.5336083528901694e-05,0.1451539844274521,0.12039553374052048,0.13003392485172852,0.12967994809150696,0.00391925740669122,1.5360578619903993e-05,0.1451539844274521,0.12039553374052048,0.17352296939547757,0.17398852109909058,0.005376145250388634,2.8902937753276265e-05,0.18689613044261932,0.13549214601516724
24,0.1300381440553606,0.12967994809150696,0.003916131194035983,1.5336083528901694e-05,0.1451539844274521,0.12039553374052048,0.130032049619263,0.12967994809150696,0.003917237051777567,1.5344746119819005e-05,0.1451539844274521,0.12032005190849304,0.1762731794429862,0.17715881764888763,0.005387423789506906,2.9024335087744948e-05,0.18651871383190155,0.13428442180156708
25,0.12970245532367541,0.12945349514484406,0.005514805942099762,3.0413084579018846e-05,0.1451539844274521,0.08129528909921646,0.13003439345159887,0.12967994809150696,0.003914218848626581,1.5321109194943595e-05,0.1451539844274521,0.12039553374052048,0.17858221173656652,0.17957428097724915,0.00696240459799663,4.8475077786204614e-05,0.1914251148700714,0.13201992213726044
26,0.13000673194479498,0.12967994809150696,0.003924755729062222,1.5403707532806735e-05,0.1451539844274521,0.12039553374052048,0.13003955059540198,0.12967994809150696,0.003914550558105681,1.5323706071965498e-05,0.1451539844274521,0.12039553374052048,0.18138961947482565,0.18214069306850433,0.006102254103920359,3.7237505148812865e-05,0.19308574497699738,0.13277475535869598
27,0.10733601842538355,0.12817029654979706,0.0396433861976149,0.0015715980692132434,0.1451539844274521,0.011322463862597942,0.13001985977525296,0.12967994809150696,0.003926309586966032,1.5415906972701373e-05,0.1451539844274521,0.12032005190849304,0.18452849854593692,0.18463164567947388,0.006168155179259355,3.8046138315424e-05,0.19927535951137543,0.13488829135894775
28,0.04342903282207015,0.0329861119389534,0.038735434393481774,0.0015004338776517308,0.13851147890090942,0.001585144898854196,0.12917360524583307,0.1289251148700714,0.004036542990726512,1.6293679315983332e-05,0.1440972238779068,0.11948973685503006,0.1872083819615915,0.1879529058933258,0.00644308827011294,4.151338645646696e-05,0.20003019273281097,0.12990640103816986
29,0.11212474073034635,0.12839673459529877,0.03863443216939014,0.0014926193490512076,0.1451539844274521,0.009435386396944523,0.12748578519369505,0.12756642699241638,0.004104539457575075,1.684724415879069e-05,0.14439915120601654,0.11798007041215897,0.18969369786126272,0.19044384360313416,0.007450642907501172,5.551207973509751e-05,0.20252113044261932,0.13435989618301392
30,0.1300381440553606,0.12967994809150696,0.003916131194035983,1.5336083528901694e-05,0.1451539844274521,0.12039553374052048,0.12667516193219594,0.12681159377098083,0.004201911691916548,1.7656061866664988e-05,0.14379529654979706,0.11586654931306839,0.19275990591286132,0.19353865087032318,0.0077176355605905085,5.956189864609117e-05,0.20395530760288239,0.13307669758796692
31,0.1300381440553606,0.12967994809150696,0.003916131194035983,1.5336083528901694e-05,0.1451539844274521,0.12039553374052048,0.12642339589247792,0.1265096664428711,0.004172898049253051,1.741307812945992e-05,0.14371980726718903,0.11571557819843292,0.1958889371674994,0.19610507786273956,0.006996338051123192,4.8948746125594265e-05,0.207880437374115,0.13639794290065765
32,0.1300381440553606,0.12967994809150696,0.003916131194035983,1.5336083528901694e-05,0.1451539844274521,0.12039553374052048,0.12712055916741768,0.12658514082431793,0.004336426607677045,1.8804595723769446e-05,0.14447464048862457,0.11503623425960541,0.1992336354270485,0.19980373978614807,0.007129176751094347,5.082516114834415e-05,0.21271134912967682,0.13896436989307404
33,0.1300381440553606,0.12967994809150696,0.003916131194035983,1.5336083528901694e-05,0.1451539844274521,0.12039553374052048,0.1278683575136321,0.12756642699241638,0.004071673180157478,1.657852248601371e-05,0.14319142699241638,0.11790458858013153,0.2023425075393286,0.2028985470533371,0.007262995864491666,5.275110892762305e-05,0.2152777761220932,0.13700181245803833
34,0.1300381440553606,0.12967994809150696,0.003916131194035983,1.5336083528901694e-05,0.1451539844274521,0.12039553374052048,0.12827859120154234,0.128019317984581,0.004047811674855447,1.6384779355096058e-05,0.143644317984581,0.1180555522441864,0.2054026208308913,0.20720109343528748,0.008595332080145603,7.387973356798014e-05,0.2172403335571289,0.13926629722118378
35,0.1300381440553606,0.12967994809150696,0.003916131194035983,1.5336083528901694e-05,0.1451539844274521,0.12039553374052048,0.12821998687819663,0.12779287993907928,0.00402300903720218,1.618460171341041e-05,0.14402173459529877,0.11948973685503006,0.20988565933260117,0.2102959007024765,0.007517490881207812,5.651266914904262e-05,0.22131642699241638,0.14183272421360016
36,0.1300381440553606,0.12967994809150696,0.003916131194035983,1.5336083528901694e-05,0.1451539844274521,0.12039553374052048,0.12791008395808084,0.12779287993907928,0.0040850655728057505,1.668776073412277e-05,0.14439915120601654,0.11798007041215897,0.2133030275010174,0.21339069306850433,0.007475369909482592,5.5881155283597764e-05,0.2252415418624878,0.14553140103816986
37,0.1300381440553606,0.12967994809150696,0.003916131194035983,1.5336083528901694e-05,0.1451539844274521,0.12039553374052048,0.12809340021810176,0.12786835432052612,0.004262894213833963,1.8172267078339084e-05,0.14439915120601654,0.11813104152679443,0.2163804875952857,0.21708936989307404,0.0078019458197950255,6.087035857501707e-05,0.22833634912967682,0.14704106748104095
38,0.13001892174252813,0.12967994809150696,0.003940189406631003,1.5525092560127177e-05,0.1451539844274521,0.12039553374052048,0.12876993556570562,0.12907609343528748,0.004529161113712011,2.051330039396102e-05,0.1456068903207779,0.11714975535869598,0.2204284443063025,0.22108997404575348,0.007859138467553114,6.176605745217311e-05,0.23105373978614807,0.1488526612520218
39,0.13003626863778747,0.12945349514484406,0.003916339720993839,1.5337716810234097e-05,0.1451539844274521,0.12039553374052048,0.12988624106282773,0.13028381764888763,0.004494586503187298,2.0201307834633423e-05,0.1486262083053589,0.11896134912967682,0.22434137446909957,0.22456219792366028,0.008490675672272486,7.209157337171981e-05,0.23769626021385193,0.14900362491607666
40,0.1293639535350459,0.12967994809150696,0.009493713807840162,9.013060186517493e-05,0.1451539844274521,0.020304951816797256,0.13101567439040782,0.13073670864105225,0.004605164970975311,2.1207544409898034e-05,0.14839975535869598,0.1195652186870575,0.2285510812486921,0.22954408824443817,0.00860675872178849,7.407629569508222e-05,0.24267813563346863,0.14877717196941376
41,0.12842627519868915,0.12945349514484406,0.012641508602655435,0.00015980773975101138,0.1451539844274521,0.009812802076339722,0.13200679916587676,0.1317179948091507,0.004809164176216154,2.3128060073800795e-05,0.14938104152679443,0.12160325795412064,0.2328812784474829,0.2339220941066742,0.00876744468100537,7.686808623448934e-05,0.24592390656471252,0.15157005190849304
42,0.13003720648540473,0.12967994809150696,0.003915544500793481,1.533148873769407e-05,0.1451539844274521,0.12039553374052048,0.13305324912996766,0.1332276612520218,0.004709974215908207,2.218385711452013e-05,0.14938104152679443,0.12288647145032883,0.2377239168615815,0.23867753148078918,0.00911489509703317,8.30813126299193e-05,0.25143417716026306,0.15292873978614807
43,0.06197255592278396,0.04498792439699173,0.0462670382504664,0.002140638828470121,0.1451539844274521,0.0016606280114501715,0.13425441424113624,0.13435989618301392,0.004909631537910095,2.4104481838041446e-05,0.15338164567947388,0.12318840622901917,0.24282582483676649,0.24388587474822998,0.009438236684142148,8.908031170588659e-05,0.25618961453437805,0.15375906229019165
44,0.06766285571003598,0.045214373618364334,0.04929486517055432,0.00242998373218313,0.1451539844274521,0.001434178790077567,0.13519724981384987,0.13526569306850433,0.004823392133435081,2.3265111672883423e-05,0.1549667865037918,0.12432064861059189,0.24962961682991952,0.25030192732810974,0.009928708825778764,9.857925894709712e-05,0.2621527910232544,0.1547403335571289
45,0.1300381440553606,0.12967994809150696,0.003916131194035983,1.5336083528901694e-05,0.1451539844274521,0.12039553374052048,0.13599005656212754,0.13624697923660278,0.004930506728107716,2.4309896595915452e-05,0.15179650485515594,0.1252264529466629,0.2558107916612803,0.2569444477558136,0.010345389020336899,0.00010702707398210726,0.26902174949645996,0.15904287993907928
46,0.1300381440553606,0.12967994809150696,0.003916131194035983,1.5336083528901694e-05,0.1451539844274521,0.12039553374052048,0.13634496788430658,0.13647343218326569,0.004905266807277512,2.4061642450578517e-05,0.15504227578639984,0.12507548928260803,0.26455979724848494,0.26592692732810974,0.010672662187924902,0.00011390571817756198,0.2821558117866516,0.16394928097724915
47,0.1300381440553606,0.12967994809150696,0.003916131194035983,1.5336083528901694e-05,0.1451539844274521,0.12039553374052048,0.13677395547028653,0.13654890656471252,0.0048634009098964415,2.3652668410381538e-05,0.1549667865037918,0.12560386955738068,0.2720405944385884,0.2734752297401428,0.010956590652871325,0.0001200468787345873,0.2875905930995941,0.1703653335571289
48,0.13003767527038265,0.12967994809150696,0.003915724223728738,1.5332896196296032e-05,0.1451539844274521,0.12039553374052048,0.13672941580692433,0.1369263231754303,0.004843096029595111,2.3455579151879925e-05,0.15557065606117249,0.12575483322143555,0.2816175699048901,0.28260868787765503,0.012197061051637917,0.00014876829829738264,0.30178138613700867,0.17112016677856445
49,0.1300381440553606,0.12967994809150696,0.003916131194035983,1.5336083528901694e-05,0.1451539844274521,0.12039553374052048,0.13709089141454756,0.13722826540470123,0.004689460544379456,2.1991040197291666e-05,0.15511775016784668,0.12703804671764374,0.28852778895301107,0.2909873127937317,0.013985978246050496,0.00019560758749899768,0.30910325050354004,0.17444142699241638
50,0.1300381440553606,0.12967994809150696,0.003916131194035983,1.5336083528901694e-05,0.1451539844274521,0.12039553374052048,0.1375569168084897,0.137605682015419,0.004686691807753674,2.1965080100865398e-05,0.1545138955116272,0.12583030760288239,0.3002731456704762,0.3018568754196167,0.013496578389512386,0.00018215762822425274,0.3190670311450958,0.1825181096792221
51,0.1300381440553606,0.12967994809150696,0.003916131194035983,1.5336083528901694e-05,0.1451539844274521,0.12039553374052048,0.1377608615974462,0.13783212006092072,0.004699756313126225,2.2087709402769808e-05,0.15504227578639984,0.12681159377098083,0.3069770770228427,0.3100845515727997,0.016839827771567246,0.00028357979937604746,0.33325785398483276,0.18538647890090942
52,0.1300381440553606,0.12967994809150696,0.003916131194035983,1.5336083528901694e-05,0.1451539844274521,0.12039553374052048,0.13807404661400718,0.13836050033569336,0.0047117117654159775,2.2200227760359344e-05,0.15564613044261932,0.1265096664428711,0.3162858773092305,0.31823670864105225,0.01570674730810114,0.00024670191100054236,0.33454105257987976,0.19384057819843292
53,0.12985435919546934,0.12967994809150696,0.004626905966708117,2.140825882475917e-05,0.1451539844274521,0.0987318828701973,0.13833753440691077,0.1384359896183014,0.004763949603619767,2.2695215825828938e-05,0.15760870277881622,0.12620772421360016,0.323231257637095,0.32321861386299133,0.013156201863048994,0.00017308564746129385,0.3476751148700714,0.19761472940444946
54,0.1300381440553606,0.12967994809150696,0.003916131194035983,1.5336083528901694e-05,0.1451539844274521,0.12039553374052048,0.13878855757091357,0.13881340622901917,0.004557217389139645,2.0768230331876756e-05,0.15489129722118378,0.1271890103816986,0.32977859481521277,0.33167269825935364,0.015363750165554664,0.000236044819149581,0.35492148995399475,0.20025664567947388
55,0.11528143418594176,0.1286986768245697,0.03353563571515893,0.0011246388628198434,0.1451539844274521,0.013360506854951382,0.1389751551869493,0.13873791694641113,0.00458805078286694,2.105020998616594e-05,0.1551932394504547,0.12839673459529877,0.33748349713983,0.3399003744125366,0.014927202676792,0.00022282137975402624,0.3600543439388275,0.2009359896183014
56,0.04548536077928469,0.03585446998476982,0.03832446621323033,0.0014687647105290334,0.13745470345020294,0.0020380434580147266,0.13933147267895454,0.13903985917568207,0.004527352988859998,2.0496925085739557e-05,0.1547403335571289,0.12884964048862457,0.3442919778157465,0.3452596664428711,0.013953718074059101,0.00019470624809032362,0.36443236470222473,0.20561593770980835
57,0.10568336083015763,0.12809480726718903,0.04264128103963077,0.0018182788487007746,0.1451539844274521,0.005510265473276377,0.13946556100934188,0.13919082283973694,0.004553424692252947,2.073367642801885e-05,0.1547403335571289,0.12907609343528748,0.34957438781394723,0.3512983024120331,0.014878858848778771,0.00022138044064188233,0.3717542290687561,0.207880437374115
58,0.1300381440553606,0.12967994809150696,0.003916131194035983,1.5336083528901694e-05,0.1451539844274521,0.12039553374052048,0.13962168473264444,0.13949275016784668,0.004537136469928768,2.0585607346757688e-05,0.15655192732810974,0.12967994809150696,0.35573962173476725,0.35929951071739197,0.01706882414108612,0.0002913447575593242,0.3784722089767456,0.21165458858013153
59,0.1300381440553606,0.12967994809150696,0.003916131194035983,1.5336083528901694e-05,0.1451539844274521,0.12039553374052048,0.13946274774415152,0.1395682394504547,0.004555470406022842,2.0752310620149912e-05,0.15617451071739197,0.1284722238779068,0.36147305489697074,0.3633001148700714,0.015614465432350701,0.00024381153073807496,0.3823973536491394,0.2130887657403946
60,0.1300381440553606,0.12967994809150696,0.003916131194035983,1.5336083528901694e-05,0.1451539844274521,0.12039553374052048,0.13984110146205617,0.13994565606117249,0.004541988362740366,2.062965828726891e-05,0.15715579688549042,0.1284722238779068,0.36881226319703997,0.37032005190849304,0.014733670257720936,0.0002170810392632505,0.3884359896183014,0.2176932394504547
61,0.1300381440553606,0.12967994809150696,0.003916131194035983,1.5336083528901694e-05,0.1451539844274521,0.12039553374052048,0.13972576693718478,0.1395682394504547,0.004717258230434192,2.2252525212599123e-05,0.15806159377098083,0.12711352109909058,0.3725470346138344,0.3740941882133484,0.01569346165578673,0.00024628473874164835,0.39462560415267944,0.22184480726718903
62,0.1300381440553606,0.12967994809150696,0.003916131194035983,1.5336083528901694e-05,0.1451539844274521,0.12039553374052048,0.13973045515717927,0.13979469239711761,0.0044524007775468165,1.9823872683899496e-05,0.15655192732810974,0.12900060415267944,0.3767768997028007,0.37922704219818115,0.01678028716747498,0.00028157803742292543,0.4036835730075836,0.2232789844274521
63,0.1300381440553606,0.12967994809150696,0.003916131194035983,1.5336083528901694e-05,0.1451539844274521,0.12039553374052048,0.13973842542734205,0.13941727578639984,0.004431115210081139,1.9634782005012417e-05,0.1560235470533371,0.12839673459529877,0.37658233052084905,0.3847373127937317,0.03655822577732053,0.0013365038719855432,0.40609902143478394,0.15315519273281097
64,0.13003626873034127,0.12967994809150696,0.003916776134810708,1.5341135290222707e-05,0.1451539844274521,0.12039553374052048,0.1399034561577791,0.13964371383190155,0.004598911174861358,2.1149983994264674e-05,0.15655192732810974,0.12945349514484406,0.38789354255480796,0.39137983322143555,0.019326553105461938,0.0003735156549382404,0.41236412525177,0.22924214601516724
65,0.1300381440553606,0.12967994809150696,0.003916131194035983,1.5336083528901694e-05,0.1451539844274521,0.12039553374052048,0.13982328467117333,0.13994565606117249,0.004751328393207114,2.25751215000961e-05,0.15632548928260803,0.12447161972522736,0.39376809767314364,0.3951539993286133,0.015505750098679695,0.00024042828612270536,0.4172705411911011,0.23037439584732056
66,0.1300315803252392,0.12967994809150696,0.0039221538819773916,1.5383291073910324e-05,0.1451539844274521,0.12039553374052048,0.14005817343359409,0.13987016677856445,0.004546188892103735,2.0667833442687386e-05,0.15911835432052612,0.12749093770980835,0.39869137709925634,0.40051329135894775,0.015770084001936142,0.00024869554942812225,0.41810083389282227,0.23180857300758362
67,0.13003720639285093,0.12967994809150696,0.003916417421435047,1.533832541891994e-05,0.1451539844274521,0.12039553374052048,0.14041683549836556,0.1403985470533371,0.004661659765262019,2.1731071767062744e-05,0.15760870277881622,0.1286986768245697,0.4022531481633275,0.4047403335571289,0.018337220313855585,0.00033625364883887787,0.42323368787765503,0.2333182394504547
68,0.12936770434705366,0.12945349514484406,0.006720997001327724,4.5171800691856254e-05,0.1451539844274521,0.06808575242757797,0.1406976703716361,0.140625,0.0045251381759729625,2.047687551164791e-05,0.15768417716026306,0.1295289844274521,0.4088000164639135,0.4097222089767456,0.015518015358742148,0.0002408088006741572,0.4276871979236603,0.24313104152679443
69,0.13002220351503502,0.12967994809150696,0.003893695110928232,1.5160861616866417e-05,0.1451539844274521,0.12039553374052048,0.14130481550041935,0.14092692732810974,0.0047307752845340495,2.238023479275822e-05,0.15828804671764374,0.13096316158771515,0.4124396132386249,0.41394928097724915,0.016124211356735682,0.0002599901918766839,0.4335748851299286,0.24169686436653137
70,0.11968852175827722,0.12854769825935364,0.02694914801622227,0.0007262565788002567,0.1451539844274521,0.008907005190849304,0.14146422145899779,0.14100241661071777,0.004732385034137336,2.2395468111327033e-05,0.15874093770980835,0.13028381764888763,0.41751714106302085,0.41870471835136414,0.016662525194255037,0.00027763974584918384,0.44127416610717773,0.24139492213726044
71,0.12472807247515606,0.12930253148078918,0.020296325189089384,0.00041194081618126425,0.1451539844274521,0.011548913083970547,0.14184163760694657,0.14198370277881622,0.004651401630864284,2.163553713160692e-05,0.15708030760288239,0.13058574497699738,0.4200605931489364,0.42179951071739197,0.017022587212783827,0.0002897684754168314,0.44195351004600525,0.2508303225040436
72,0.04497104454771124,0.03547705337405205,0.039135317296293534,0.001531573059881572,0.13579408824443817,0.0018115942366421223,0.1421848278238166,0.1419082134962082,0.004792068984933404,2.2963925156360663e-05,0.16009964048862457,0.13103865087032318,0.4258165291007261,0.42746075987815857,0.01696367140684247,0.0002877661475993248,0.45018115639686584,0.24713164567947388
73,0.08102711361994885,0.07797403633594513,0.04885855911205999,0.00238715879850666,0.13971920311450958,0.0029438405763357878,0.14251957843022317,0.1425875574350357,0.004621838921906699,2.136139502005168e-05,0.16047705709934235,0.13209541141986847,0.4297810315345385,0.4305555522441864,0.016832591750176006,0.00028333614502809335,0.4516153335571289,0.25573670864105225
74,0.12998328991928457,0.12945349514484406,0.00392344616962938,1.539342984597945e-05,0.1451539844274521,0.12039553374052048,0.14313047624522854,0.14311593770980835,0.0047393561531453195,2.24614967463564e-05,0.15979769825935364,0.13186895847320557,0.43072246301988637,0.4340277910232544,0.021306603603612105,0.0004539713571214563,0.4561443328857422,0.25513285398483276
75,0.1300381440553606,0.12967994809150696,0.003916131194035983,1.5336083528901694e-05,0.1451539844274521,0.12039553374052048,0.14355711990631886,0.14334239065647125,0.004559520676190613,2.0789228796609703e-05,0.15783514082431793,0.1326237916946411,0.4378980440752847,0.4384058117866516,0.01730982605001837,0.0002996300778818945,0.45886170864105225,0.25732186436653137
76,0.1300381440553606,0.12967994809150696,0.003916131194035983,1.5336083528901694e-05,0.1451539844274521,0.12039553374052048,0.1438112304262493,0.14379529654979706,0.004958458383088713,2.4586309536822736e-05,0.16009964048862457,0.13277475535869598,0.4416595410486186,0.4431612193584442,0.016941110136106434,0.00028700121264368814,0.46323972940444946,0.26313406229019165
77,0.1300381440553606,0.12967994809150696,0.003916131194035983,1.5336083528901694e-05,0.1451539844274521,0.12039553374052048,0.14423459203717132,0.1443236768245697,0.004823473469128505,2.326589630738658e-05,0.16070349514484406,0.13285024464130402,0.44521849810706904,0.44670894742012024,0.016938753707361864,0.0002869213771586653,0.46708938479423523,0.26381340622901917
78,0.1300381440553606,0.12967994809150696,0.003916131194035983,1.5336083528901694e-05,0.1451539844274521,0.12039553374052048,0.14448260779706587,0.1445501148700714,0.004787582862224169,2.2920949662662565e-05,0.16108091175556183,0.13451087474822998,0.44104958071101524,0.4503321349620819,0.039290303530378476,0.001543727951509271,0.47018417716026306,0.23369565606117249
79,0.1300381440553606,0.12967994809150696,0.003916131194035983,1.5336083528901694e-05,0.1451539844274521,0.12039553374052048,0.14509022319168777,0.1451539844274521,0.004552422972204642,2.0724554917856542e-05,0.15919384360313416,0.13337862491607666,0.45313531419505243,0.4540308117866516,0.017812838498543516,0.000317297215375194,0.4768266975879669,0.2672101557254791
80,0.1300381440553606,0.12967994809150696,0.003916131194035983,1.5336083528901694e-05,0.1451539844274521,0.12039553374052048,0.14556515716617893,0.14545591175556183,0.004975661157812596,2.475720395736498e-05,0.16440217196941376,0.1314915418624878,0.4560214877128601,0.4569746255874634,0.017075068320115835,0.00029155795813662344,0.47878924012184143,0.2727203965187073
81,0.1300381440553606,0.12967994809150696,0.003916131194035983,1.5336083528901694e-05,0.1451539844274521,0.12039553374052048,0.1458764664875054,0.14575785398483276,0.004868781201152486,2.370503038469585e-05,0.16440217196941376,0.13277475535869598,0.4578368315785568,0.45999395847320557,0.018651251582839933,0.0003478691856063891,0.4815066456794739,0.2804196774959564
82,0.13003251798774884,0.12967994809150696,0.003921279154890043,1.5376430210575172e-05,0.1451539844274521,0.12039553374052048,0.146378593415207,0.14696557819843292,0.004934502763967588,2.4349317527603772e-05,0.16545893251895905,0.13511472940444946,0.4634680586942234,0.46565520763397217,0.01683803547357466,0.0002835194386093586,0.48573368787765503,0.28245773911476135
83,0.1300381440553606,0.12967994809150696,0.003916131194035983,1.5336083528901694e-05,0.1451539844274521,0.12039553374052048,0.14703731174054352,0.14726750552654266,0.00488122212457118,2.3826329429403182e-05,0.16334541141986847,0.13375604152679443,0.4636555947131992,0.46520230174064636,0.018313591820120594,0.0003353876453539879,0.4886775314807892,0.28177839517593384
84,0.12993171760199232,0.12967994809150696,0.004119718612891933,1.6972081449408236e-05,0.1451539844274521,0.11503623425960541,0.1473598738449701,0.1473429948091507,0.0048769612075261195,2.3784750619714627e-05,0.16402475535869598,0.13556763529777527,0.4679778229375804,0.47124093770980835,0.01817391241008696,0.0003302910922895129,0.49124395847320557,0.29076087474823
85,0.13003767517782885,0.12967994809150696,0.0039163243675052525,1.5337596551515413e-05,0.1451539844274521,0.12039553374052048,0.1479229489283532,0.14832428097724915,0.0047048846658909425,2.2135939719335723e-05,0.16311895847320557,0.13534118235111237,0.4719699878500115,0.47380736470222473,0.016991281515506256,0.0002887036475391846,0.4950181245803833,0.29370471835136414
86,0.12598221712045787,0.12945349514484406,0.01785036646013401,0.0003186355827610772,0.1451539844274521,0.03698671609163284,0.14854181682841378,0.14877717196941376,0.004933200106835826,2.4336463294085006e-05,0.16591183841228485,0.1366998851299286,0.4751749703232546,0.47735506296157837,0.016703807095401025,0.0002790171714803696,0.4993961453437805,0.2973279058933258
87,0.044043211782675076,0.036231882870197296,0.03770471549237372,0.0014216455703608465,0.13971920311450958,0.001962560461834073,0.14907160512408854,0.14915458858013153,0.004932057734408975,2.4325193495543388e-05,0.16704408824443817,0.13466183841228485,0.47720879482926787,0.4789402186870575,0.017469521745839992,0.00030518419002837635,0.5036986470222473,0.295591801404953
88,0.07080782836546069,0.04830917716026306,0.048907656698951495,0.0023919588837824947,0.13971920311450958,0.004528985358774662,0.1496937534083491,0.15021134912967682,0.00474017053776478,2.246921672709324e-05,0.1631944477558136,0.13654890656471252,0.48053286442105075,0.4820350110530853,0.0167821912969758,0.0002816419447282903,0.5058122277259827,0.3020833432674408
89,0.1300381440553606,0.12967994809150696,0.003916131194035983,1.5336083528901694e-05,0.1451539844274521,0.12039553374052048,0.15029996365123655,0.15006038546562195,0.004929142240728594,2.4296443229334907e-05,0.1699124425649643,0.13594505190849304,0.48274250263753143,0.4835446774959564,0.016998322417153322,0.00028894296499749715,0.5054348111152649,0.30215880274772644
90,0.1300381440553606,0.12967994809150696,0.003916131194035983,1.5336083528901694e-05,0.1451539844274521,0.12039553374052048,0.15082178075121055,0.15073972940444946,0.004743959342897234,2.2505150247061956e-05,0.16636472940444946,0.13632246851921082,0.48555178560825607,0.4871678650379181,0.016893460841584156,0.0002853890192061372,0.5084540843963623,0.30585747957229614
91,0.1300381440553606,0.12967994809150696,0.003916131194035983,1.5336083528901694e-05,0.1451539844274521,0.12039553374052048,0.15091742427082536,0.1510416716337204,0.004988801673644425,2.4888142138957417e-05,0.16681763529777527,0.13768115639686584,0.48813368241239036,0.48928138613700867,0.01701216115708511,0.00028941362723463535,0.509661853313446,0.30932971835136414
92,0.1300381440553606,0.12967994809150696,0.003916131194035983,1.5336083528901694e-05,0.1451539844274521,0.12039553374052048,0.15165865948851803,0.15187197923660278,0.004463793727477485,1.9925454441467343e-05,0.16628925502300262,0.13722826540470123,0.48940845602047367,0.4914703965187073,0.018150861711392168,0.0003294537808660822,0.5166062712669373,0.31280192732810974
93,0.1300381440553606,0.12967994809150696,0.003916131194035983,1.5336083528901694e-05,0.1451539844274521,0.12039553374052048,0.1520642046787724,0.15224939584732056,0.004865416943833432,2.367228203734146e-05,0.1673460155725479,0.13647343218326569,0.49310431476705563,0.49494263529777527,0.016793367001864012,0.00028201717525929505,0.5157759785652161,0.31416061520576477
94,0.1300381440553606,0.12967994809150696,0.003916131194035983,1.5336083528901694e-05,0.1451539844274521,0.12039553374052048,0.1519980979447039,0.15224939584732056,0.004690158177328041,2.199758372835709e-05,0.16983695328235626,0.13700181245803833,0.4954761712817672,0.49728259444236755,0.017112401909045106,0.0002928342990966906,0.5204558968544006,0.31453803181648254
95,0.1300381440553606,0.12967994809150696,0.003916131194035983,1.5336083528901694e-05,0.1451539844274521,0.12039553374052048,0.15234972740182226,0.15247584879398346,0.004674361819042513,2.184965841532243e-05,0.16878019273281097,0.1360960155725479,0.49738622230032214,0.4990941882133484,0.016916483474364096,0.0002861674131384336,0.5215126872062683,0.3205012083053589
96,0.1300381440553606,0.12967994809150696,0.003916131194035983,1.5336083528901694e-05,0.1451539844274521,0.12039553374052048,0.15290952117546744,0.15292873978614807,0.004564904303539593,2.0838351300474295e-05,0.16749697923660278,0.13511472940444946,0.49846830427276423,0.5005283951759338,0.016720566801479875,0.000279577354162751,0.5279287695884705,0.3252566456794739
97,0.1300381440553606,0.12967994809150696,0.003916131194035983,1.5336083528901694e-05,0.1451539844274521,0.12039553374052048,0.15309799494950668,0.1530042290687561,0.004875133808969043,2.3766929655353007e-05,0.16998791694641113,0.13805857300758362,0.5019831870283399,0.5033212304115295,0.016763901850130436,0.00028102840524080663,0.52513587474823,0.3261624276638031
98,0.13003767527038265,0.12967994809150696,0.003915869711733369,1.533403559927078e-05,0.1451539844274521,0.12039553374052048,0.15315284899302892,0.15353260934352875,0.00485178060053667,2.353977499574397e-05,0.16764794290065765,0.13285024464130402,0.5039513760842151,0.5056612491607666,0.016639218026798585,0.000276863576543339,0.5271739363670349,0.33061593770980835
99,0.1300381440553606,0.12967994809150696,0.003916131194035983,1.5336083528901694e-05,0.1451539844274521,0.12039553374052048,0.15356636500876883,0.15375906229019165,0.004819536819120149,2.322793515085476e-05,0.17157307267189026,0.13458634912967682,0.5038697993533211,0.5071709156036377,0.01864230810026387,0.0003475356513051639,0.5275513529777527,0.3337862193584442
